variable,bin,n_loans,n_defaults,default_rate,mean_feature_value
loan_amnt,"(499.999, 4000.0]",18017,2349,0.13037686629294556,2820.3738136204697
loan_amnt,"(4000.0, 6000.0]",22288,2779,0.12468592964824121,5319.426372936109
loan_amnt,"(6000.0, 7500.0]",12843,1641,0.12777388460640038,6898.493342676945
loan_amnt,"(7500.0, 9000.0]",17246,2313,0.13411805636089527,8323.041574857938
loan_amnt,"(9000.0, 10000.0]",20599,2704,0.13126850818000874,9880.468712073402
loan_amnt,"(10000.0, 12000.0]",18909,2376,0.1256544502617801,11529.419852980063
loan_amnt,"(12000.0, 14825.0]",11201,1386,0.1237389518792965,13527.432818498348
loan_amnt,"(14825.0, 17500.0]",17437,2137,0.12255548546194873,15638.998967712336
loan_amnt,"(17500.0, 21625.0]",17151,1862,0.1085650982450003,19518.646143082035
loan_amnt,"(21625.0, 35000.0]",17297,1961,0.1133722610857374,27575.661964502517
annual_inc,"(3999.999, 31000.0]",17754,3207,0.1806353497803312,24898.301643010025
annual_inc,"(31000.0, 39000.0]",16862,2785,0.16516427470051,35278.33560609655
annual_inc,"(39000.0, 45000.0]",18672,2801,0.1500107112253642,42306.21702602827
annual_inc,"(45000.0, 52000.0]",17961,2392,0.1331774400089082,49301.97822170258
annual_inc,"(52000.0, 60000.0]",20193,2564,0.12697469420096072,57015.51140890408
annual_inc,"(60000.0, 67800.0]",12360,1421,0.11496763754045307,64194.23441990291
annual_inc,"(67800.0, 78000.0]",17905,1928,0.10767941915666016,72601.17603686122
annual_inc,"(78000.0, 90000.0]",16715,1604,0.09596171103798982,84338.65699311996
annual_inc,"(90000.0, 115000.0]",17279,1418,0.08206493431332831,101737.86460732682
annual_inc,"(115000.0, 7141778.0]",17287,1388,0.08029154856250362,166661.23575750564
dti,"(-0.001, 6.18]",17317,1688,0.09747646821042906,3.7841288906854538
dti,"(6.18, 9.11]",17330,1721,0.09930755914598961,7.728863242931333
dti,"(9.11, 11.49]",17292,1807,0.10449919037705298,10.33056095304187
dti,"(11.49, 13.64]",17269,1915,0.11089235045457177,12.593210956048411
dti,"(13.64, 15.74]",17301,2027,0.11716085775388706,14.69088318594301
dti,"(15.74, 17.92]",17353,2212,0.127470754336426,16.82794444764594
dti,"(17.92, 20.26]",17258,2250,0.1303743191563333,19.081472940085757
dti,"(20.26, 22.9]",17286,2446,0.14150179335878746,21.546970380654866
dti,"(22.9, 26.51]",17305,2576,0.14885871135509968,24.530976018491764
dti,"(26.51, 34.99]",17277,2866,0.1658852810094345,29.743929501649593
delinq_2yrs,"(-0.001, 1.0]",165535,20507,0.12388316670190594,0.10856918476455131
delinq_2yrs,"(1.0, 29.0]",7453,1001,0.13430833221521535,2.7061585938548234
inq_last_6mths,"(-0.001, 1.0]",137367,15925,0.11593031805309863,0.3523480894246799
inq_last_6mths,"(1.0, 2.0]",22504,3374,0.14992890152861713,2.0
inq_last_6mths,"(2.0, 8.0]",13117,2209,0.16840741023099795,3.3073873599146144
open_acc,"(-0.001, 5.0]",18964,2458,0.1296140054840751,4.2370280531533435
open_acc,"(5.0, 7.0]",28541,3428,0.12010791492939982,6.5370519603377595
open_acc,"(7.0, 8.0]",16548,2072,0.12521150592216582,8.0
open_acc,"(8.0, 9.0]",17034,2177,0.12780321709522133,9.0
open_acc,"(9.0, 10.0]",15849,1940,0.12240519906618715,10.0
open_acc,"(10.0, 11.0]",14303,1743,0.12186254631895406,11.0
open_acc,"(11.0, 12.0]",12454,1592,0.1278304159306247,12.0
open_acc,"(12.0, 14.0]",18842,2295,0.12180235643774547,13.45042989066978
open_acc,"(14.0, 17.0]",16780,2059,0.12270560190703218,15.850715137067938
open_acc,"(17.0, 62.0]",13673,1744,0.12755064726102538,20.781393988151834
pub_rec,"(-0.001, 54.0]",172988,21508,0.12433232362938469,0.10074687261544153
revol_bal,"(-0.001, 3156.7]",17299,2121,0.12260824325105497,1523.6240245100873
revol_bal,"(3156.7, 5183.4]",17299,2284,0.13203075322272964,4211.96924677727
revol_bal,"(5183.4, 6975.0]",17305,2327,0.13446980641433112,6084.863969950881
revol_bal,"(6975.0, 8843.0]",17294,2300,0.1329941020006939,7901.563374580779
revol_bal,"(8843.0, 10929.0]",17302,2295,0.1326436250144492,9869.476765691828
revol_bal,"(10929.0, 13358.0]",17297,2253,0.13025380123720876,12107.677342891831
revol_bal,"(13358.0, 16550.0]",17300,2233,0.12907514450867053,14859.46549132948
revol_bal,"(16550.0, 21135.0]",17298,2072,0.11978263383050064,18657.278182448837
revol_bal,"(21135.0, 29263.0]",17296,1922,0.11112395929694727,24742.96935707678
revol_bal,"(29263.0, 2568995.0]",17298,1701,0.09833506763787721,48169.9761822176
revol_util,"(-0.001, 20.9]",17300,1432,0.08277456647398844,10.519212138728323
revol_util,"(20.9, 33.7]",17322,1765,0.10189354577993304,27.850912134857406
revol_util,"(33.7, 43.0]",17386,1962,0.1128494190728172,38.58131830208214
revol_util,"(43.0, 50.8]",17231,2085,0.12100284371191457,47.05339446346701
revol_util,"(50.8, 57.9]",17294,2121,0.12264369145368335,54.44786168613392
revol_util,"(57.9, 64.7]",17277,2201,0.12739480233836892,61.37442264281993
revol_util,"(64.7, 71.5]",17268,2307,0.13359972202918693,68.12767546907574
revol_util,"(71.5, 78.94]",17197,2410,0.14014072221899168,75.19258591614816
revol_util,"(78.94, 87.3]",17405,2448,0.14064923872450447,82.98401608733123
revol_util,"(87.3, 140.4]",17164,2752,0.16033558611046375,92.58184805406665
revol_util,Missing,144,25,0.1736111111111111,
total_acc,"(1.999, 10.0]",17320,2548,0.14711316397228638,7.898325635103926
total_acc,"(10.0, 14.0]",21493,2975,0.1384171590750477,12.599962778579073
total_acc,"(14.0, 17.0]",19204,2518,0.13111851697563007,16.023380545719643
total_acc,"(17.0, 19.0]",13043,1651,0.12658130798129263,18.49574484397761
total_acc,"(19.0, 22.0]",19386,2395,0.12354276281852883,20.990766532549262
total_acc,"(22.0, 25.0]",17552,2106,0.11998632634457612,23.971741112123976
total_acc,"(25.0, 28.0]",15176,1705,0.11234844491302055,26.953347390616763
total_acc,"(28.0, 32.0]",16469,1918,0.11646123019005404,30.404092537494687
total_acc,"(32.0, 39.0]",17867,2010,0.11249790115856047,35.64398052275144
total_acc,"(39.0, 105.0]",15478,1682,0.10867037084894689,47.01647499676961
acc_now_delinq,"(-0.001, 5.0]",172988,21508,0.12433232362938469,0.0019307697643767198
chargeoff_within_12_mths,"(-0.001, 5.0]",172932,21502,0.12433789003770268,0.0041056600282191845
chargeoff_within_12_mths,Missing,56,6,0.10714285714285714,
collections_12_mths_ex_med,"(-0.001, 4.0]",172932,21502,0.12433789003770268,0.002619526750399001
collections_12_mths_ex_med,Missing,56,6,0.10714285714285714,
pub_rec_bankruptcies,"(-0.001, 8.0]",172291,21390,0.12415041992907348,0.08061941714889344
pub_rec_bankruptcies,Missing,697,118,0.16929698708751795,
tax_liens,"(-0.001, 53.0]",172949,21507,0.1243545785173664,0.01196306425593672
tax_liens,Missing,39,1,0.02564102564102564,
fico_score,"(626.999, 667.0]",22595,4040,0.17880061960610755,664.6211551228148
fico_score,"(667.0, 672.0]",12905,2186,0.169391708640062,672.0
fico_score,"(672.0, 682.0]",25763,3862,0.14990490237938128,679.5589023017505
fico_score,"(682.0, 687.0]",12296,1724,0.1402081977878985,687.0
fico_score,"(687.0, 697.0]",23511,3079,0.1309599761813619,694.3814384756072
fico_score,"(697.0, 702.0]",10342,1164,0.11255076387545929,702.0
fico_score,"(702.0, 712.0]",17135,1845,0.10767435074409104,709.2824627954479
fico_score,"(712.0, 727.0]",18254,1693,0.09274679522296483,721.4403966253972
fico_score,"(727.0, 747.0]",13813,1061,0.07681169912401362,738.5760515456454
fico_score,"(747.0, 847.5]",16374,854,0.052155856846219616,774.1184805178942
credit_history_months,"(35.999, 83.0]",17679,2749,0.1554952203178913,65.94677300752305
credit_history_months,"(83.0, 110.0]",17213,2285,0.13274850403764596,97.26299889618312
credit_history_months,"(110.0, 131.0]",17526,2361,0.13471413899349538,121.69639392901975
credit_history_months,"(131.0, 147.0]",17304,2255,0.1303166897827092,139.70082061950993
credit_history_months,"(147.0, 163.0]",17233,2168,0.12580514129867115,155.35646724308015
credit_history_months,"(163.0, 182.0]",17306,2165,0.12510112099849763,172.55333410377904
credit_history_months,"(182.0, 207.0]",17292,2035,0.11768447837150127,194.67493638676845
credit_history_months,"(207.0, 239.0]",17129,1850,0.10800396987564949,222.365578842898
credit_history_months,"(239.0, 295.0]",17083,1834,0.10735819235497278,265.7015161271439
credit_history_months,"(295.0, 785.0]",17223,1806,0.10485978052604077,363.6889043720606
emp_length_years,"(0.499, 1.0]",26215,3285,0.12530993705893573,0.726473393095556
emp_length_years,"(1.0, 2.0]",16311,2021,0.12390411378824107,2.0
emp_length_years,"(2.0, 3.0]",14240,1762,0.12373595505617978,3.0
emp_length_years,"(3.0, 4.0]",11175,1360,0.12170022371364653,4.0
emp_length_years,"(4.0, 6.0]",24248,3041,0.12541240514681623,5.445315077532167
emp_length_years,"(6.0, 7.0]",9702,1248,0.12863327149041434,7.0
emp_length_years,"(7.0, 9.0]",14014,1720,0.12273440844869417,8.441487084344228
emp_length_years,"(9.0, 10.0]",49550,5703,0.11509586276488395,10.0
emp_length_years,Missing,7533,1368,0.1816009557945042,
